vehicle_id,date,claim_made,claim_cost
1,2021-01-31,0,0
1,2021-02-28,0,0
1,2021-03-31,1,1151
1,2021-04-30,0,0
1,2021-05-31,0,0
1,2021-06-30,0,0
1,2021-07-31,0,0
1,2021-08-31,0,0
1,2021-09-30,0,0
1,2021-10-31,0,0
1,2021-11-30,0,0
1,2021-12-31,0,0
1,2022-01-31,0,0
1,2022-02-28,0,0
1,2022-03-31,0,0
1,2022-04-30,0,0
1,2022-05-31,0,0
1,2022-06-30,0,0
1,2022-07-31,1,2594
1,2022-08-31,0,0
1,2022-09-30,0,0
1,2022-10-31,0,0
1,2022-11-30,0,0
1,2022-12-31,0,0
2,2021-01-31,0,0
2,2021-02-28,0,0
2,2021-03-31,0,0
2,2021-04-30,0,0
2,2021-05-31,0,0
2,2021-06-30,0,0
2,2021-07-31,0,0
2,2021-08-31,0,0
2,2021-09-30,0,0
2,2021-10-31,0,0
2,2021-11-30,0,0
2,2021-12-31,0,0
2,2022-01-31,0,0
2,2022-02-28,0,0
2,2022-03-31,0,0
2,2022-04-30,0,0
2,2022-05-31,0,0
2,2022-06-30,1,2606
2,2022-07-31,0,0
2,2022-08-31,0,0
2,2022-09-30,0,0
2,2022-10-31,0,0
2,2022-11-30,0,0
2,2022-12-31,0,0
3,2021-01-31,0,0
3,2021-02-28,0,0
3,2021-03-31,0,0
3,2021-04-30,0,0
3,2021-05-31,0,0
3,2021-06-30,0,0
3,2021-07-31,0,0
3,2021-08-31,0,0
3,2021-09-30,0,0
3,2021-10-31,0,0
3,2021-11-30,0,0
3,2021-12-31,0,0
3,2022-01-31,1,2538
3,2022-02-28,0,0
3,2022-03-31,0,0
3,2022-04-30,0,0
3,2022-05-31,0,0
3,2022-06-30,0,0
3,2022-07-31,0,0
3,2022-08-31,0,0
3,2022-09-30,0,0
3,2022-10-31,0,0
3,2022-11-30,0,0
3,2022-12-31,0,0
4,2021-01-31,1,4192
4,2021-02-28,0,0
4,2021-03-31,0,0
4,2021-04-30,0,0
4,2021-05-31,0,0
4,2021-06-30,0,0
4,2021-07-31,0,0
4,2021-08-31,0,0
4,2021-09-30,0,0
4,2021-10-31,0,0
4,2021-11-30,0,0
4,2021-12-31,0,0
4,2022-01-31,0,0
4,2022-02-28,0,0
4,2022-03-31,1,2967
4,2022-04-30,0,0
4,2022-05-31,0,0
4,2022-06-30,0,0
4,2022-07-31,0,0
4,2022-08-31,0,0
4,2022-09-30,0,0
4,2022-10-31,0,0
4,2022-11-30,0,0
4,2022-12-31,0,0
5,2021-01-31,0,0
5,2021-02-28,0,0
5,2021-03-31,0,0
5,2021-04-30,0,0
5,2021-05-31,0,0
5,2021-06-30,0,0
5,2021-07-31,0,0
5,2021-08-31,0,0
5,2021-09-30,1,2423
5,2021-10-31,0,0
5,2021-11-30,0,0
5,2021-12-31,0,0
5,2022-01-31,0,0
5,2022-02-28,0,0
5,2022-03-31,0,0
5,2022-04-30,0,0
5,2022-05-31,0,0
5,2022-06-30,0,0
5,2022-07-31,0,0
5,2022-08-31,0,0
5,2022-09-30,0,0
5,2022-10-31,0,0
5,2022-11-30,0,0
5,2022-12-31,0,0
6,2021-01-31,0,0
6,2021-02-28,0,0
6,2021-03-31,0,0
6,2021-04-30,0,0
6,2021-05-31,0,0
6,2021-06-30,0,0
6,2021-07-31,0,0
6,2021-08-31,0,0
6,2021-09-30,0,0
6,2021-10-31,0,0
6,2021-11-30,0,0
6,2021-12-31,0,0
6,2022-01-31,0,0
6,2022-02-28,0,0
6,2022-03-31,0,0
6,2022-04-30,0,0
6,2022-05-31,0,0
6,2022-06-30,0,0
6,2022-07-31,0,0
6,2022-08-31,0,0
6,2022-09-30,0,0
6,2022-10-31,0,0
6,2022-11-30,0,0
6,2022-12-31,0,0
7,2021-01-31,0,0
7,2021-02-28,0,0
7,2021-03-31,1,3790
7,2021-04-30,0,0
7,2021-05-31,0,0
7,2021-06-30,0,0
7,2021-07-31,0,0
7,2021-08-31,0,0
7,2021-09-30,0,0
7,2021-10-31,0,0
7,2021-11-30,0,0
7,2021-12-31,1,1813
7,2022-01-31,0,0
7,2022-02-28,0,0
7,2022-03-31,0,0
7,2022-04-30,0,0
7,2022-05-31,0,0
7,2022-06-30,0,0
7,2022-07-31,0,0
7,2022-08-31,0,0
7,2022-09-30,0,0
7,2022-10-31,0,0
7,2022-11-30,0,0
7,2022-12-31,0,0
8,2021-01-31,0,0
8,2021-02-28,0,0
8,2021-03-31,0,0
8,2021-04-30,0,0
8,2021-05-31,0,0
8,2021-06-30,0,0
8,2021-07-31,0,0
8,2021-08-31,0,0
8,2021-09-30,0,0
8,2021-10-31,0,0
8,2021-11-30,1,3706
8,2021-12-31,1,4856
8,2022-01-31,0,0
8,2022-02-28,0,0
8,2022-03-31,0,0
8,2022-04-30,0,0
8,2022-05-31,0,0
8,2022-06-30,0,0
8,2022-07-31,0,0
8,2022-08-31,0,0
8,2022-09-30,0,0
8,2022-10-31,0,0
8,2022-11-30,0,0
8,2022-12-31,0,0
9,2021-01-31,0,0
9,2021-02-28,0,0
9,2021-03-31,0,0
9,2021-04-30,0,0
9,2021-05-31,0,0
9,2021-06-30,0,0
9,2021-07-31,0,0
9,2021-08-31,0,0
9,2021-09-30,0,0
9,2021-10-31,0,0
9,2021-11-30,0,0
9,2021-12-31,0,0
9,2022-01-31,0,0
9,2022-02-28,0,0
9,2022-03-31,0,0
9,2022-04-30,0,0
9,2022-05-31,0,0
9,2022-06-30,1,1435
9,2022-07-31,0,0
9,2022-08-31,0,0
9,2022-09-30,0,0
9,2022-10-31,0,0
9,2022-11-30,0,0
9,2022-12-31,0,0
10,2021-01-31,0,0
10,2021-02-28,0,0
10,2021-03-31,0,0
10,2021-04-30,0,0
10,2021-05-31,1,1992
10,2021-06-30,0,0
10,2021-07-31,0,0
10,2021-08-31,0,0
10,2021-09-30,0,0
10,2021-10-31,0,0
10,2021-11-30,0,0
10,2021-12-31,0,0
10,2022-01-31,0,0
10,2022-02-28,0,0
10,2022-03-31,0,0
10,2022-04-30,0,0
10,2022-05-31,0,0
10,2022-06-30,0,0
10,2022-07-31,0,0
10,2022-08-31,1,1018
10,2022-09-30,0,0
10,2022-10-31,1,3945
10,2022-11-30,0,0
10,2022-12-31,0,0
11,2021-01-31,0,0
11,2021-02-28,0,0
11,2021-03-31,0,0
11,2021-04-30,0,0
11,2021-05-31,0,0
11,2021-06-30,0,0
11,2021-07-31,0,0
11,2021-08-31,1,2437
11,2021-09-30,0,0
11,2021-10-31,1,2893
11,2021-11-30,1,2842
11,2021-12-31,0,0
11,2022-01-31,0,0
11,2022-02-28,0,0
11,2022-03-31,1,1454
11,2022-04-30,0,0
11,2022-05-31,0,0
11,2022-06-30,0,0
11,2022-07-31,0,0
11,2022-08-31,0,0
11,2022-09-30,0,0
11,2022-10-31,0,0
11,2022-11-30,1,1153
11,2022-12-31,0,0
12,2021-01-31,0,0
12,2021-02-28,0,0
12,2021-03-31,0,0
12,2021-04-30,0,0
12,2021-05-31,0,0
12,2021-06-30,0,0
12,2021-07-31,0,0
12,2021-08-31,0,0
12,2021-09-30,0,0
12,2021-10-31,0,0
12,2021-11-30,0,0
12,2021-12-31,0,0
12,2022-01-31,0,0
12,2022-02-28,0,0
12,2022-03-31,0,0
12,2022-04-30,0,0
12,2022-05-31,0,0
12,2022-06-30,0,0
12,2022-07-31,0,0
12,2022-08-31,0,0
12,2022-09-30,0,0
12,2022-10-31,0,0
12,2022-11-30,1,3176
12,2022-12-31,0,0
13,2021-01-31,0,0
13,2021-02-28,0,0
13,2021-03-31,0,0
13,2021-04-30,0,0
13,2021-05-31,0,0
13,2021-06-30,0,0
13,2021-07-31,0,0
13,2021-08-31,0,0
13,2021-09-30,0,0
13,2021-10-31,0,0
13,2021-11-30,0,0
13,2021-12-31,0,0
13,2022-01-31,0,0
13,2022-02-28,0,0
13,2022-03-31,0,0
13,2022-04-30,0,0
13,2022-05-31,0,0
13,2022-06-30,1,2506
13,2022-07-31,0,0
13,2022-08-31,0,0
13,2022-09-30,0,0
13,2022-10-31,0,0
13,2022-11-30,0,0
13,2022-12-31,0,0
14,2021-01-31,0,0
14,2021-02-28,0,0
14,2021-03-31,0,0
14,2021-04-30,0,0
14,2021-05-31,0,0
14,2021-06-30,0,0
14,2021-07-31,0,0
14,2021-08-31,0,0
14,2021-09-30,0,0
14,2021-10-31,0,0
14,2021-11-30,0,0
14,2021-12-31,0,0
14,2022-01-31,0,0
14,2022-02-28,0,0
14,2022-03-31,0,0
14,2022-04-30,0,0
14,2022-05-31,0,0
14,2022-06-30,0,0
14,2022-07-31,0,0
14,2022-08-31,0,0
14,2022-09-30,0,0
14,2022-10-31,0,0
14,2022-11-30,0,0
14,2022-12-31,0,0
15,2021-01-31,0,0
15,2021-02-28,0,0
15,2021-03-31,0,0
15,2021-04-30,0,0
15,2021-05-31,0,0
15,2021-06-30,0,0
15,2021-07-31,0,0
15,2021-08-31,0,0
15,2021-09-30,0,0
15,2021-10-31,0,0
15,2021-11-30,0,0
15,2021-12-31,0,0
15,2022-01-31,0,0
15,2022-02-28,1,4983
15,2022-03-31,0,0
15,2022-04-30,0,0
15,2022-05-31,0,0
15,2022-06-30,0,0
15,2022-07-31,0,0
15,2022-08-31,0,0
15,2022-09-30,0,0
15,2022-10-31,0,0
15,2022-11-30,0,0
15,2022-12-31,0,0
16,2021-01-31,0,0
16,2021-02-28,0,0
16,2021-03-31,0,0
16,2021-04-30,0,0
16,2021-05-31,0,0
16,2021-06-30,0,0
16,2021-07-31,0,0
16,2021-08-31,0,0
16,2021-09-30,0,0
16,2021-10-31,0,0
16,2021-11-30,0,0
16,2021-12-31,0,0
16,2022-01-31,0,0
16,2022-02-28,0,0
16,2022-03-31,0,0
16,2022-04-30,0,0
16,2022-05-31,0,0
16,2022-06-30,0,0
16,2022-07-31,0,0
16,2022-08-31,0,0
16,2022-09-30,0,0
16,2022-10-31,0,0
16,2022-11-30,0,0
16,2022-12-31,0,0
17,2021-01-31,0,0
17,2021-02-28,0,0
17,2021-03-31,0,0
17,2021-04-30,0,0
17,2021-05-31,0,0
17,2021-06-30,0,0
17,2021-07-31,0,0
17,2021-08-31,0,0
17,2021-09-30,0,0
17,2021-10-31,0,0
17,2021-11-30,0,0
17,2021-12-31,0,0
17,2022-01-31,0,0
17,2022-02-28,0,0
17,2022-03-31,0,0
17,2022-04-30,0,0
17,2022-05-31,0,0
17,2022-06-30,0,0
17,2022-07-31,0,0
17,2022-08-31,0,0
17,2022-09-30,0,0
17,2022-10-31,0,0
17,2022-11-30,0,0
17,2022-12-31,0,0
18,2021-01-31,0,0
18,2021-02-28,0,0
18,2021-03-31,0,0
18,2021-04-30,0,0
18,2021-05-31,0,0
18,2021-06-30,0,0
18,2021-07-31,0,0
18,2021-08-31,1,3494
18,2021-09-30,0,0
18,2021-10-31,0,0
18,2021-11-30,0,0
18,2021-12-31,0,0
18,2022-01-31,0,0
18,2022-02-28,0,0
18,2022-03-31,0,0
18,2022-04-30,0,0
18,2022-05-31,0,0
18,2022-06-30,0,0
18,2022-07-31,0,0
18,2022-08-31,0,0
18,2022-09-30,0,0
18,2022-10-31,0,0
18,2022-11-30,0,0
18,2022-12-31,0,0
19,2021-01-31,0,0
19,2021-02-28,0,0
19,2021-03-31,0,0
19,2021-04-30,0,0
19,2021-05-31,0,0
19,2021-06-30,0,0
19,2021-07-31,0,0
19,2021-08-31,0,0
19,2021-09-30,0,0
19,2021-10-31,0,0
19,2021-11-30,0,0
19,2021-12-31,0,0
19,2022-01-31,0,0
19,2022-02-28,0,0
19,2022-03-31,0,0
19,2022-04-30,0,0
19,2022-05-31,0,0
19,2022-06-30,0,0
19,2022-07-31,0,0
19,2022-08-31,0,0
19,2022-09-30,0,0
19,2022-10-31,0,0
19,2022-11-30,0,0
19,2022-12-31,0,0
20,2021-01-31,0,0
20,2021-02-28,0,0
20,2021-03-31,0,0
20,2021-04-30,0,0
20,2021-05-31,0,0
20,2021-06-30,0,0
20,2021-07-31,0,0
20,2021-08-31,0,0
20,2021-09-30,0,0
20,2021-10-31,0,0
20,2021-11-30,0,0
20,2021-12-31,0,0
20,2022-01-31,0,0
20,2022-02-28,0,0
20,2022-03-31,0,0
20,2022-04-30,0,0
20,2022-05-31,0,0
20,2022-06-30,0,0
20,2022-07-31,0,0
20,2022-08-31,0,0
20,2022-09-30,0,0
20,2022-10-31,0,0
20,2022-11-30,0,0
20,2022-12-31,0,0
21,2021-01-31,1,2521
21,2021-02-28,0,0
21,2021-03-31,0,0
21,2021-04-30,0,0
21,2021-05-31,0,0
21,2021-06-30,0,0
21,2021-07-31,0,0
21,2021-08-31,0,0
21,2021-09-30,0,0
21,2021-10-31,0,0
21,2021-11-30,0,0
21,2021-12-31,0,0
21,2022-01-31,0,0
21,2022-02-28,0,0
21,2022-03-31,0,0
21,2022-04-30,0,0
21,2022-05-31,0,0
21,2022-06-30,0,0
21,2022-07-31,0,0
21,2022-08-31,0,0
21,2022-09-30,0,0
21,2022-10-31,0,0
21,2022-11-30,1,1224
21,2022-12-31,0,0
22,2021-01-31,0,0
22,2021-02-28,0,0
22,2021-03-31,0,0
22,2021-04-30,0,0
22,2021-05-31,0,0
22,2021-06-30,0,0
22,2021-07-31,0,0
22,2021-08-31,0,0
22,2021-09-30,1,2499
22,2021-10-31,0,0
22,2021-11-30,0,0
22,2021-12-31,0,0
22,2022-01-31,0,0
22,2022-02-28,0,0
22,2022-03-31,0,0
22,2022-04-30,0,0
22,2022-05-31,0,0
22,2022-06-30,0,0
22,2022-07-31,0,0
22,2022-08-31,0,0
22,2022-09-30,0,0
22,2022-10-31,0,0
22,2022-11-30,0,0
22,2022-12-31,0,0
23,2021-01-31,1,2724
23,2021-02-28,0,0
23,2021-03-31,0,0
23,2021-04-30,0,0
23,2021-05-31,0,0
23,2021-06-30,0,0
23,2021-07-31,0,0
23,2021-08-31,1,4757
23,2021-09-30,0,0
23,2021-10-31,0,0
23,2021-11-30,0,0
23,2021-12-31,0,0
23,2022-01-31,0,0
23,2022-02-28,0,0
23,2022-03-31,0,0
23,2022-04-30,0,0
23,2022-05-31,0,0
23,2022-06-30,1,4214
23,2022-07-31,0,0
23,2022-08-31,0,0
23,2022-09-30,0,0
23,2022-10-31,0,0
23,2022-11-30,0,0
23,2022-12-31,0,0
24,2021-01-31,0,0
24,2021-02-28,0,0
24,2021-03-31,0,0
24,2021-04-30,0,0
24,2021-05-31,0,0
24,2021-06-30,0,0
24,2021-07-31,0,0
24,2021-08-31,0,0
24,2021-09-30,0,0
24,2021-10-31,1,3305
24,2021-11-30,0,0
24,2021-12-31,0,0
24,2022-01-31,0,0
24,2022-02-28,0,0
24,2022-03-31,0,0
24,2022-04-30,0,0
24,2022-05-31,0,0
24,2022-06-30,0,0
24,2022-07-31,0,0
24,2022-08-31,0,0
24,2022-09-30,0,0
24,2022-10-31,0,0
24,2022-11-30,0,0
24,2022-12-31,0,0
25,2021-01-31,0,0
25,2021-02-28,0,0
25,2021-03-31,0,0
25,2021-04-30,0,0
25,2021-05-31,0,0
25,2021-06-30,0,0
25,2021-07-31,0,0
25,2021-08-31,0,0
25,2021-09-30,0,0
25,2021-10-31,0,0
25,2021-11-30,0,0
25,2021-12-31,0,0
25,2022-01-31,0,0
25,2022-02-28,0,0
25,2022-03-31,0,0
25,2022-04-30,0,0
25,2022-05-31,0,0
25,2022-06-30,0,0
25,2022-07-31,0,0
25,2022-08-31,0,0
25,2022-09-30,0,0
25,2022-10-31,0,0
25,2022-11-30,0,0
25,2022-12-31,0,0
26,2021-01-31,0,0
26,2021-02-28,0,0
26,2021-03-31,0,0
26,2021-04-30,0,0
26,2021-05-31,0,0
26,2021-06-30,0,0
26,2021-07-31,0,0
26,2021-08-31,0,0
26,2021-09-30,0,0
26,2021-10-31,0,0
26,2021-11-30,0,0
26,2021-12-31,0,0
26,2022-01-31,0,0
26,2022-02-28,0,0
26,2022-03-31,0,0
26,2022-04-30,0,0
26,2022-05-31,0,0
26,2022-06-30,0,0
26,2022-07-31,0,0
26,2022-08-31,1,1396
26,2022-09-30,0,0
26,2022-10-31,0,0
26,2022-11-30,0,0
26,2022-12-31,0,0
27,2021-01-31,0,0
27,2021-02-28,0,0
27,2021-03-31,0,0
27,2021-04-30,0,0
27,2021-05-31,0,0
27,2021-06-30,0,0
27,2021-07-31,0,0
27,2021-08-31,0,0
27,2021-09-30,0,0
27,2021-10-31,0,0
27,2021-11-30,0,0
27,2021-12-31,0,0
27,2022-01-31,0,0
27,2022-02-28,0,0
27,2022-03-31,0,0
27,2022-04-30,0,0
27,2022-05-31,0,0
27,2022-06-30,0,0
27,2022-07-31,0,0
27,2022-08-31,0,0
27,2022-09-30,0,0
27,2022-10-31,0,0
27,2022-11-30,0,0
27,2022-12-31,0,0
28,2021-01-31,0,0
28,2021-02-28,0,0
28,2021-03-31,0,0
28,2021-04-30,0,0
28,2021-05-31,0,0
28,2021-06-30,0,0
28,2021-07-31,1,1078
28,2021-08-31,0,0
28,2021-09-30,0,0
28,2021-10-31,0,0
28,2021-11-30,0,0
28,2021-12-31,0,0
28,2022-01-31,0,0
28,2022-02-28,0,0
28,2022-03-31,0,0
28,2022-04-30,0,0
28,2022-05-31,0,0
28,2022-06-30,0,0
28,2022-07-31,0,0
28,2022-08-31,0,0
28,2022-09-30,0,0
28,2022-10-31,0,0
28,2022-11-30,0,0
28,2022-12-31,0,0
29,2021-01-31,0,0
29,2021-02-28,0,0
29,2021-03-31,0,0
29,2021-04-30,0,0
29,2021-05-31,0,0
29,2021-06-30,0,0
29,2021-07-31,0,0
29,2021-08-31,0,0
29,2021-09-30,0,0
29,2021-10-31,0,0
29,2021-11-30,0,0
29,2021-12-31,0,0
29,2022-01-31,0,0
29,2022-02-28,0,0
29,2022-03-31,0,0
29,2022-04-30,0,0
29,2022-05-31,0,0
29,2022-06-30,0,0
29,2022-07-31,0,0
29,2022-08-31,0,0
29,2022-09-30,0,0
29,2022-10-31,1,2839
29,2022-11-30,0,0
29,2022-12-31,0,0
30,2021-01-31,0,0
30,2021-02-28,0,0
30,2021-03-31,0,0
30,2021-04-30,0,0
30,2021-05-31,0,0
30,2021-06-30,1,4894
30,2021-07-31,0,0
30,2021-08-31,0,0
30,2021-09-30,0,0
30,2021-10-31,0,0
30,2021-11-30,0,0
30,2021-12-31,0,0
30,2022-01-31,0,0
30,2022-02-28,0,0
30,2022-03-31,0,0
30,2022-04-30,0,0
30,2022-05-31,0,0
30,2022-06-30,0,0
30,2022-07-31,0,0
30,2022-08-31,0,0
30,2022-09-30,0,0
30,2022-10-31,0,0
30,2022-11-30,1,3091
30,2022-12-31,0,0
31,2021-01-31,0,0
31,2021-02-28,0,0
31,2021-03-31,0,0
31,2021-04-30,0,0
31,2021-05-31,0,0
31,2021-06-30,0,0
31,2021-07-31,0,0
31,2021-08-31,0,0
31,2021-09-30,0,0
31,2021-10-31,1,1421
31,2021-11-30,0,0
31,2021-12-31,0,0
31,2022-01-31,0,0
31,2022-02-28,0,0
31,2022-03-31,0,0
31,2022-04-30,1,1320
31,2022-05-31,0,0
31,2022-06-30,0,0
31,2022-07-31,0,0
31,2022-08-31,0,0
31,2022-09-30,0,0
31,2022-10-31,0,0
31,2022-11-30,0,0
31,2022-12-31,0,0
32,2021-01-31,0,0
32,2021-02-28,0,0
32,2021-03-31,0,0
32,2021-04-30,0,0
32,2021-05-31,0,0
32,2021-06-30,0,0
32,2021-07-31,0,0
32,2021-08-31,0,0
32,2021-09-30,1,2952
32,2021-10-31,0,0
32,2021-11-30,0,0
32,2021-12-31,0,0
32,2022-01-31,0,0
32,2022-02-28,1,3751
32,2022-03-31,0,0
32,2022-04-30,0,0
32,2022-05-31,0,0
32,2022-06-30,0,0
32,2022-07-31,0,0
32,2022-08-31,0,0
32,2022-09-30,0,0
32,2022-10-31,0,0
32,2022-11-30,0,0
32,2022-12-31,1,3149
33,2021-01-31,0,0
33,2021-02-28,0,0
33,2021-03-31,0,0
33,2021-04-30,0,0
33,2021-05-31,0,0
33,2021-06-30,0,0
33,2021-07-31,0,0
33,2021-08-31,0,0
33,2021-09-30,1,4175
33,2021-10-31,0,0
33,2021-11-30,0,0
33,2021-12-31,0,0
33,2022-01-31,0,0
33,2022-02-28,1,3830
33,2022-03-31,0,0
33,2022-04-30,0,0
33,2022-05-31,0,0
33,2022-06-30,0,0
33,2022-07-31,0,0
33,2022-08-31,0,0
33,2022-09-30,0,0
33,2022-10-31,0,0
33,2022-11-30,0,0
33,2022-12-31,0,0
34,2021-01-31,0,0
34,2021-02-28,0,0
34,2021-03-31,0,0
34,2021-04-30,0,0
34,2021-05-31,0,0
34,2021-06-30,0,0
34,2021-07-31,0,0
34,2021-08-31,0,0
34,2021-09-30,0,0
34,2021-10-31,0,0
34,2021-11-30,0,0
34,2021-12-31,0,0
34,2022-01-31,0,0
34,2022-02-28,0,0
34,2022-03-31,0,0
34,2022-04-30,0,0
34,2022-05-31,0,0
34,2022-06-30,0,0
34,2022-07-31,0,0
34,2022-08-31,0,0
34,2022-09-30,0,0
34,2022-10-31,0,0
34,2022-11-30,0,0
34,2022-12-31,0,0
35,2021-01-31,1,3715
35,2021-02-28,0,0
35,2021-03-31,0,0
35,2021-04-30,0,0
35,2021-05-31,1,3564
35,2021-06-30,0,0
35,2021-07-31,0,0
35,2021-08-31,0,0
35,2021-09-30,0,0
35,2021-10-31,0,0
35,2021-11-30,0,0
35,2021-12-31,0,0
35,2022-01-31,0,0
35,2022-02-28,0,0
35,2022-03-31,0,0
35,2022-04-30,0,0
35,2022-05-31,0,0
35,2022-06-30,0,0
35,2022-07-31,0,0
35,2022-08-31,0,0
35,2022-09-30,0,0
35,2022-10-31,0,0
35,2022-11-30,0,0
35,2022-12-31,0,0
36,2021-01-31,0,0
36,2021-02-28,0,0
36,2021-03-31,0,0
36,2021-04-30,1,3870
36,2021-05-31,0,0
36,2021-06-30,0,0
36,2021-07-31,0,0
36,2021-08-31,0,0
36,2021-09-30,0,0
36,2021-10-31,0,0
36,2021-11-30,0,0
36,2021-12-31,1,1594
36,2022-01-31,0,0
36,2022-02-28,0,0
36,2022-03-31,0,0
36,2022-04-30,0,0
36,2022-05-31,0,0
36,2022-06-30,0,0
36,2022-07-31,0,0
36,2022-08-31,0,0
36,2022-09-30,0,0
36,2022-10-31,0,0
36,2022-11-30,0,0
36,2022-12-31,0,0
37,2021-01-31,0,0
37,2021-02-28,0,0
37,2021-03-31,0,0
37,2021-04-30,0,0
37,2021-05-31,1,2193
37,2021-06-30,0,0
37,2021-07-31,0,0
37,2021-08-31,0,0
37,2021-09-30,0,0
37,2021-10-31,0,0
37,2021-11-30,0,0
37,2021-12-31,0,0
37,2022-01-31,0,0
37,2022-02-28,0,0
37,2022-03-31,0,0
37,2022-04-30,0,0
37,2022-05-31,1,1178
37,2022-06-30,0,0
37,2022-07-31,0,0
37,2022-08-31,0,0
37,2022-09-30,0,0
37,2022-10-31,0,0
37,2022-11-30,0,0
37,2022-12-31,0,0
38,2021-01-31,0,0
38,2021-02-28,0,0
38,2021-03-31,0,0
38,2021-04-30,0,0
38,2021-05-31,0,0
38,2021-06-30,0,0
38,2021-07-31,0,0
38,2021-08-31,0,0
38,2021-09-30,0,0
38,2021-10-31,0,0
38,2021-11-30,0,0
38,2021-12-31,0,0
38,2022-01-31,0,0
38,2022-02-28,0,0
38,2022-03-31,0,0
38,2022-04-30,0,0
38,2022-05-31,0,0
38,2022-06-30,0,0
38,2022-07-31,0,0
38,2022-08-31,0,0
38,2022-09-30,0,0
38,2022-10-31,1,3817
38,2022-11-30,0,0
38,2022-12-31,0,0
39,2021-01-31,0,0
39,2021-02-28,0,0
39,2021-03-31,0,0
39,2021-04-30,0,0
39,2021-05-31,0,0
39,2021-06-30,0,0
39,2021-07-31,0,0
39,2021-08-31,0,0
39,2021-09-30,0,0
39,2021-10-31,0,0
39,2021-11-30,0,0
39,2021-12-31,0,0
39,2022-01-31,0,0
39,2022-02-28,0,0
39,2022-03-31,0,0
39,2022-04-30,0,0
39,2022-05-31,0,0
39,2022-06-30,1,1715
39,2022-07-31,0,0
39,2022-08-31,0,0
39,2022-09-30,0,0
39,2022-10-31,0,0
39,2022-11-30,0,0
39,2022-12-31,0,0
40,2021-01-31,0,0
40,2021-02-28,1,1472
40,2021-03-31,0,0
40,2021-04-30,0,0
40,2021-05-31,0,0
40,2021-06-30,0,0
40,2021-07-31,0,0
40,2021-08-31,0,0
40,2021-09-30,0,0
40,2021-10-31,0,0
40,2021-11-30,0,0
40,2021-12-31,0,0
40,2022-01-31,0,0
40,2022-02-28,0,0
40,2022-03-31,0,0
40,2022-04-30,0,0
40,2022-05-31,0,0
40,2022-06-30,0,0
40,2022-07-31,0,0
40,2022-08-31,0,0
40,2022-09-30,0,0
40,2022-10-31,0,0
40,2022-11-30,0,0
40,2022-12-31,0,0
41,2021-01-31,0,0
41,2021-02-28,0,0
41,2021-03-31,0,0
41,2021-04-30,0,0
41,2021-05-31,0,0
41,2021-06-30,0,0
41,2021-07-31,0,0
41,2021-08-31,0,0
41,2021-09-30,0,0
41,2021-10-31,0,0
41,2021-11-30,0,0
41,2021-12-31,0,0
41,2022-01-31,0,0
41,2022-02-28,1,1256
41,2022-03-31,0,0
41,2022-04-30,0,0
41,2022-05-31,0,0
41,2022-06-30,0,0
41,2022-07-31,0,0
41,2022-08-31,0,0
41,2022-09-30,0,0
41,2022-10-31,0,0
41,2022-11-30,0,0
41,2022-12-31,0,0
42,2021-01-31,0,0
42,2021-02-28,0,0
42,2021-03-31,0,0
42,2021-04-30,0,0
42,2021-05-31,0,0
42,2021-06-30,0,0
42,2021-07-31,0,0
42,2021-08-31,0,0
42,2021-09-30,0,0
42,2021-10-31,0,0
42,2021-11-30,0,0
42,2021-12-31,0,0
42,2022-01-31,0,0
42,2022-02-28,0,0
42,2022-03-31,0,0
42,2022-04-30,0,0
42,2022-05-31,0,0
42,2022-06-30,0,0
42,2022-07-31,0,0
42,2022-08-31,1,4396
42,2022-09-30,0,0
42,2022-10-31,0,0
42,2022-11-30,0,0
42,2022-12-31,0,0
43,2021-01-31,0,0
43,2021-02-28,0,0
43,2021-03-31,0,0
43,2021-04-30,0,0
43,2021-05-31,1,4328
43,2021-06-30,0,0
43,2021-07-31,0,0
43,2021-08-31,0,0
43,2021-09-30,0,0
43,2021-10-31,0,0
43,2021-11-30,0,0
43,2021-12-31,0,0
43,2022-01-31,0,0
43,2022-02-28,0,0
43,2022-03-31,0,0
43,2022-04-30,1,2916
43,2022-05-31,0,0
43,2022-06-30,0,0
43,2022-07-31,0,0
43,2022-08-31,0,0
43,2022-09-30,0,0
43,2022-10-31,0,0
43,2022-11-30,0,0
43,2022-12-31,1,4163
44,2021-01-31,0,0
44,2021-02-28,0,0
44,2021-03-31,0,0
44,2021-04-30,0,0
44,2021-05-31,0,0
44,2021-06-30,0,0
44,2021-07-31,0,0
44,2021-08-31,0,0
44,2021-09-30,0,0
44,2021-10-31,0,0
44,2021-11-30,0,0
44,2021-12-31,0,0
44,2022-01-31,0,0
44,2022-02-28,0,0
44,2022-03-31,0,0
44,2022-04-30,0,0
44,2022-05-31,0,0
44,2022-06-30,0,0
44,2022-07-31,0,0
44,2022-08-31,0,0
44,2022-09-30,0,0
44,2022-10-31,0,0
44,2022-11-30,0,0
44,2022-12-31,0,0
45,2021-01-31,0,0
45,2021-02-28,0,0
45,2021-03-31,0,0
45,2021-04-30,0,0
45,2021-05-31,0,0
45,2021-06-30,0,0
45,2021-07-31,0,0
45,2021-08-31,0,0
45,2021-09-30,0,0
45,2021-10-31,0,0
45,2021-11-30,0,0
45,2021-12-31,0,0
45,2022-01-31,0,0
45,2022-02-28,0,0
45,2022-03-31,0,0
45,2022-04-30,0,0
45,2022-05-31,0,0
45,2022-06-30,0,0
45,2022-07-31,1,3626
45,2022-08-31,0,0
45,2022-09-30,0,0
45,2022-10-31,0,0
45,2022-11-30,0,0
45,2022-12-31,1,1979
46,2021-01-31,0,0
46,2021-02-28,0,0
46,2021-03-31,0,0
46,2021-04-30,0,0
46,2021-05-31,0,0
46,2021-06-30,1,4722
46,2021-07-31,0,0
46,2021-08-31,0,0
46,2021-09-30,0,0
46,2021-10-31,0,0
46,2021-11-30,0,0
46,2021-12-31,0,0
46,2022-01-31,0,0
46,2022-02-28,0,0
46,2022-03-31,0,0
46,2022-04-30,0,0
46,2022-05-31,0,0
46,2022-06-30,0,0
46,2022-07-31,0,0
46,2022-08-31,0,0
46,2022-09-30,0,0
46,2022-10-31,0,0
46,2022-11-30,0,0
46,2022-12-31,0,0
47,2021-01-31,1,3020
47,2021-02-28,0,0
47,2021-03-31,0,0
47,2021-04-30,0,0
47,2021-05-31,0,0
47,2021-06-30,0,0
47,2021-07-31,0,0
47,2021-08-31,0,0
47,2021-09-30,0,0
47,2021-10-31,0,0
47,2021-11-30,0,0
47,2021-12-31,0,0
47,2022-01-31,0,0
47,2022-02-28,0,0
47,2022-03-31,0,0
47,2022-04-30,0,0
47,2022-05-31,0,0
47,2022-06-30,0,0
47,2022-07-31,0,0
47,2022-08-31,0,0
47,2022-09-30,1,1907
47,2022-10-31,0,0
47,2022-11-30,0,0
47,2022-12-31,0,0
48,2021-01-31,0,0
48,2021-02-28,0,0
48,2021-03-31,0,0
48,2021-04-30,0,0
48,2021-05-31,0,0
48,2021-06-30,0,0
48,2021-07-31,0,0
48,2021-08-31,0,0
48,2021-09-30,0,0
48,2021-10-31,0,0
48,2021-11-30,0,0
48,2021-12-31,0,0
48,2022-01-31,0,0
48,2022-02-28,0,0
48,2022-03-31,0,0
48,2022-04-30,0,0
48,2022-05-31,0,0
48,2022-06-30,0,0
48,2022-07-31,0,0
48,2022-08-31,0,0
48,2022-09-30,0,0
48,2022-10-31,0,0
48,2022-11-30,1,1247
48,2022-12-31,0,0
49,2021-01-31,0,0
49,2021-02-28,1,3760
49,2021-03-31,0,0
49,2021-04-30,0,0
49,2021-05-31,1,2368
49,2021-06-30,0,0
49,2021-07-31,0,0
49,2021-08-31,0,0
49,2021-09-30,0,0
49,2021-10-31,0,0
49,2021-11-30,0,0
49,2021-12-31,0,0
49,2022-01-31,0,0
49,2022-02-28,0,0
49,2022-03-31,0,0
49,2022-04-30,0,0
49,2022-05-31,0,0
49,2022-06-30,0,0
49,2022-07-31,0,0
49,2022-08-31,0,0
49,2022-09-30,0,0
49,2022-10-31,0,0
49,2022-11-30,0,0
49,2022-12-31,0,0
50,2021-01-31,0,0
50,2021-02-28,0,0
50,2021-03-31,0,0
50,2021-04-30,0,0
50,2021-05-31,0,0
50,2021-06-30,0,0
50,2021-07-31,1,1022
50,2021-08-31,0,0
50,2021-09-30,0,0
50,2021-10-31,1,1403
50,2021-11-30,0,0
50,2021-12-31,0,0
50,2022-01-31,0,0
50,2022-02-28,0,0
50,2022-03-31,0,0
50,2022-04-30,0,0
50,2022-05-31,0,0
50,2022-06-30,0,0
50,2022-07-31,0,0
50,2022-08-31,0,0
50,2022-09-30,1,1546
50,2022-10-31,0,0
50,2022-11-30,0,0
50,2022-12-31,0,0
51,2021-01-31,0,0
51,2021-02-28,0,0
51,2021-03-31,0,0
51,2021-04-30,0,0
51,2021-05-31,0,0
51,2021-06-30,0,0
51,2021-07-31,0,0
51,2021-08-31,0,0
51,2021-09-30,0,0
51,2021-10-31,0,0
51,2021-11-30,0,0
51,2021-12-31,0,0
51,2022-01-31,0,0
51,2022-02-28,0,0
51,2022-03-31,0,0
51,2022-04-30,0,0
51,2022-05-31,0,0
51,2022-06-30,0,0
51,2022-07-31,0,0
51,2022-08-31,0,0
51,2022-09-30,0,0
51,2022-10-31,0,0
51,2022-11-30,0,0
51,2022-12-31,1,3019
52,2021-01-31,0,0
52,2021-02-28,0,0
52,2021-03-31,0,0
52,2021-04-30,0,0
52,2021-05-31,0,0
52,2021-06-30,0,0
52,2021-07-31,0,0
52,2021-08-31,0,0
52,2021-09-30,0,0
52,2021-10-31,0,0
52,2021-11-30,0,0
52,2021-12-31,0,0
52,2022-01-31,0,0
52,2022-02-28,0,0
52,2022-03-31,0,0
52,2022-04-30,0,0
52,2022-05-31,1,3010
52,2022-06-30,0,0
52,2022-07-31,0,0
52,2022-08-31,0,0
52,2022-09-30,0,0
52,2022-10-31,0,0
52,2022-11-30,0,0
52,2022-12-31,0,0
53,2021-01-31,0,0
53,2021-02-28,0,0
53,2021-03-31,0,0
53,2021-04-30,0,0
53,2021-05-31,0,0
53,2021-06-30,0,0
53,2021-07-31,0,0
53,2021-08-31,0,0
53,2021-09-30,0,0
53,2021-10-31,0,0
53,2021-11-30,1,3148
53,2021-12-31,0,0
53,2022-01-31,0,0
53,2022-02-28,0,0
53,2022-03-31,0,0
53,2022-04-30,0,0
53,2022-05-31,0,0
53,2022-06-30,0,0
53,2022-07-31,0,0
53,2022-08-31,0,0
53,2022-09-30,0,0
53,2022-10-31,0,0
53,2022-11-30,0,0
53,2022-12-31,0,0
54,2021-01-31,0,0
54,2021-02-28,0,0
54,2021-03-31,0,0
54,2021-04-30,0,0
54,2021-05-31,0,0
54,2021-06-30,0,0
54,2021-07-31,0,0
54,2021-08-31,0,0
54,2021-09-30,0,0
54,2021-10-31,0,0
54,2021-11-30,0,0
54,2021-12-31,0,0
54,2022-01-31,0,0
54,2022-02-28,0,0
54,2022-03-31,0,0
54,2022-04-30,1,3715
54,2022-05-31,0,0
54,2022-06-30,0,0
54,2022-07-31,0,0
54,2022-08-31,0,0
54,2022-09-30,0,0
54,2022-10-31,0,0
54,2022-11-30,0,0
54,2022-12-31,0,0
55,2021-01-31,0,0
55,2021-02-28,0,0
55,2021-03-31,0,0
55,2021-04-30,0,0
55,2021-05-31,0,0
55,2021-06-30,0,0
55,2021-07-31,0,0
55,2021-08-31,0,0
55,2021-09-30,0,0
55,2021-10-31,0,0
55,2021-11-30,0,0
55,2021-12-31,0,0
55,2022-01-31,0,0
55,2022-02-28,0,0
55,2022-03-31,0,0
55,2022-04-30,0,0
55,2022-05-31,0,0
55,2022-06-30,0,0
55,2022-07-31,0,0
55,2022-08-31,0,0
55,2022-09-30,0,0
55,2022-10-31,0,0
55,2022-11-30,0,0
55,2022-12-31,0,0
56,2021-01-31,0,0
56,2021-02-28,0,0
56,2021-03-31,0,0
56,2021-04-30,0,0
56,2021-05-31,0,0
56,2021-06-30,0,0
56,2021-07-31,0,0
56,2021-08-31,0,0
56,2021-09-30,0,0
56,2021-10-31,0,0
56,2021-11-30,0,0
56,2021-12-31,0,0
56,2022-01-31,0,0
56,2022-02-28,0,0
56,2022-03-31,0,0
56,2022-04-30,1,4328
56,2022-05-31,0,0
56,2022-06-30,0,0
56,2022-07-31,0,0
56,2022-08-31,0,0
56,2022-09-30,0,0
56,2022-10-31,0,0
56,2022-11-30,0,0
56,2022-12-31,0,0
57,2021-01-31,0,0
57,2021-02-28,0,0
57,2021-03-31,0,0
57,2021-04-30,0,0
57,2021-05-31,0,0
57,2021-06-30,0,0
57,2021-07-31,0,0
57,2021-08-31,0,0
57,2021-09-30,0,0
57,2021-10-31,0,0
57,2021-11-30,0,0
57,2021-12-31,0,0
57,2022-01-31,0,0
57,2022-02-28,0,0
57,2022-03-31,0,0
57,2022-04-30,0,0
57,2022-05-31,0,0
57,2022-06-30,0,0
57,2022-07-31,0,0
57,2022-08-31,0,0
57,2022-09-30,0,0
57,2022-10-31,0,0
57,2022-11-30,0,0
57,2022-12-31,0,0
58,2021-01-31,0,0
58,2021-02-28,0,0
58,2021-03-31,0,0
58,2021-04-30,0,0
58,2021-05-31,0,0
58,2021-06-30,0,0
58,2021-07-31,0,0
58,2021-08-31,0,0
58,2021-09-30,0,0
58,2021-10-31,0,0
58,2021-11-30,0,0
58,2021-12-31,0,0
58,2022-01-31,0,0
58,2022-02-28,0,0
58,2022-03-31,0,0
58,2022-04-30,0,0
58,2022-05-31,0,0
58,2022-06-30,0,0
58,2022-07-31,0,0
58,2022-08-31,0,0
58,2022-09-30,0,0
58,2022-10-31,1,2802
58,2022-11-30,0,0
58,2022-12-31,0,0
59,2021-01-31,0,0
59,2021-02-28,0,0
59,2021-03-31,0,0
59,2021-04-30,0,0
59,2021-05-31,0,0
59,2021-06-30,0,0
59,2021-07-31,0,0
59,2021-08-31,0,0
59,2021-09-30,0,0
59,2021-10-31,0,0
59,2021-11-30,1,4426
59,2021-12-31,0,0
59,2022-01-31,0,0
59,2022-02-28,0,0
59,2022-03-31,0,0
59,2022-04-30,0,0
59,2022-05-31,0,0
59,2022-06-30,0,0
59,2022-07-31,0,0
59,2022-08-31,0,0
59,2022-09-30,0,0
59,2022-10-31,0,0
59,2022-11-30,0,0
59,2022-12-31,0,0
60,2021-01-31,0,0
60,2021-02-28,0,0
60,2021-03-31,0,0
60,2021-04-30,0,0
60,2021-05-31,0,0
60,2021-06-30,0,0
60,2021-07-31,0,0
60,2021-08-31,0,0
60,2021-09-30,0,0
60,2021-10-31,0,0
60,2021-11-30,0,0
60,2021-12-31,0,0
60,2022-01-31,0,0
60,2022-02-28,0,0
60,2022-03-31,0,0
60,2022-04-30,0,0
60,2022-05-31,0,0
60,2022-06-30,0,0
60,2022-07-31,0,0
60,2022-08-31,0,0
60,2022-09-30,0,0
60,2022-10-31,0,0
60,2022-11-30,0,0
60,2022-12-31,0,0
61,2021-01-31,0,0
61,2021-02-28,0,0
61,2021-03-31,0,0
61,2021-04-30,0,0
61,2021-05-31,0,0
61,2021-06-30,0,0
61,2021-07-31,0,0
61,2021-08-31,0,0
61,2021-09-30,0,0
61,2021-10-31,0,0
61,2021-11-30,0,0
61,2021-12-31,0,0
61,2022-01-31,0,0
61,2022-02-28,0,0
61,2022-03-31,0,0
61,2022-04-30,0,0
61,2022-05-31,0,0
61,2022-06-30,0,0
61,2022-07-31,0,0
61,2022-08-31,0,0
61,2022-09-30,0,0
61,2022-10-31,0,0
61,2022-11-30,0,0
61,2022-12-31,0,0
62,2021-01-31,0,0
62,2021-02-28,0,0
62,2021-03-31,0,0
62,2021-04-30,0,0
62,2021-05-31,0,0
62,2021-06-30,0,0
62,2021-07-31,0,0
62,2021-08-31,0,0
62,2021-09-30,0,0
62,2021-10-31,0,0
62,2021-11-30,0,0
62,2021-12-31,0,0
62,2022-01-31,0,0
62,2022-02-28,0,0
62,2022-03-31,0,0
62,2022-04-30,0,0
62,2022-05-31,0,0
62,2022-06-30,0,0
62,2022-07-31,0,0
62,2022-08-31,0,0
62,2022-09-30,0,0
62,2022-10-31,0,0
62,2022-11-30,0,0
62,2022-12-31,0,0
63,2021-01-31,0,0
63,2021-02-28,0,0
63,2021-03-31,0,0
63,2021-04-30,0,0
63,2021-05-31,0,0
63,2021-06-30,0,0
63,2021-07-31,0,0
63,2021-08-31,0,0
63,2021-09-30,0,0
63,2021-10-31,0,0
63,2021-11-30,0,0
63,2021-12-31,0,0
63,2022-01-31,0,0
63,2022-02-28,0,0
63,2022-03-31,0,0
63,2022-04-30,0,0
63,2022-05-31,0,0
63,2022-06-30,0,0
63,2022-07-31,0,0
63,2022-08-31,0,0
63,2022-09-30,0,0
63,2022-10-31,1,3247
63,2022-11-30,0,0
63,2022-12-31,0,0
64,2021-01-31,0,0
64,2021-02-28,0,0
64,2021-03-31,0,0
64,2021-04-30,0,0
64,2021-05-31,0,0
64,2021-06-30,0,0
64,2021-07-31,0,0
64,2021-08-31,0,0
64,2021-09-30,0,0
64,2021-10-31,0,0
64,2021-11-30,0,0
64,2021-12-31,0,0
64,2022-01-31,0,0
64,2022-02-28,0,0
64,2022-03-31,0,0
64,2022-04-30,0,0
64,2022-05-31,0,0
64,2022-06-30,0,0
64,2022-07-31,0,0
64,2022-08-31,0,0
64,2022-09-30,0,0
64,2022-10-31,0,0
64,2022-11-30,1,3874
64,2022-12-31,0,0
65,2021-01-31,0,0
65,2021-02-28,0,0
65,2021-03-31,0,0
65,2021-04-30,0,0
65,2021-05-31,0,0
65,2021-06-30,0,0
65,2021-07-31,0,0
65,2021-08-31,1,1785
65,2021-09-30,0,0
65,2021-10-31,0,0
65,2021-11-30,0,0
65,2021-12-31,0,0
65,2022-01-31,1,2805
65,2022-02-28,0,0
65,2022-03-31,1,4934
65,2022-04-30,0,0
65,2022-05-31,0,0
65,2022-06-30,0,0
65,2022-07-31,0,0
65,2022-08-31,0,0
65,2022-09-30,0,0
65,2022-10-31,1,2581
65,2022-11-30,0,0
65,2022-12-31,0,0
66,2021-01-31,0,0
66,2021-02-28,0,0
66,2021-03-31,0,0
66,2021-04-30,0,0
66,2021-05-31,0,0
66,2021-06-30,0,0
66,2021-07-31,0,0
66,2021-08-31,0,0
66,2021-09-30,0,0
66,2021-10-31,0,0
66,2021-11-30,0,0
66,2021-12-31,0,0
66,2022-01-31,0,0
66,2022-02-28,1,4352
66,2022-03-31,0,0
66,2022-04-30,0,0
66,2022-05-31,0,0
66,2022-06-30,0,0
66,2022-07-31,0,0
66,2022-08-31,0,0
66,2022-09-30,1,1704
66,2022-10-31,0,0
66,2022-11-30,0,0
66,2022-12-31,0,0
67,2021-01-31,0,0
67,2021-02-28,0,0
67,2021-03-31,0,0
67,2021-04-30,0,0
67,2021-05-31,0,0
67,2021-06-30,0,0
67,2021-07-31,1,4937
67,2021-08-31,0,0
67,2021-09-30,0,0
67,2021-10-31,0,0
67,2021-11-30,0,0
67,2021-12-31,0,0
67,2022-01-31,0,0
67,2022-02-28,0,0
67,2022-03-31,0,0
67,2022-04-30,0,0
67,2022-05-31,0,0
67,2022-06-30,0,0
67,2022-07-31,0,0
67,2022-08-31,0,0
67,2022-09-30,0,0
67,2022-10-31,0,0
67,2022-11-30,1,4178
67,2022-12-31,0,0
68,2021-01-31,0,0
68,2021-02-28,0,0
68,2021-03-31,0,0
68,2021-04-30,0,0
68,2021-05-31,0,0
68,2021-06-30,0,0
68,2021-07-31,0,0
68,2021-08-31,0,0
68,2021-09-30,0,0
68,2021-10-31,0,0
68,2021-11-30,0,0
68,2021-12-31,0,0
68,2022-01-31,0,0
68,2022-02-28,0,0
68,2022-03-31,0,0
68,2022-04-30,0,0
68,2022-05-31,0,0
68,2022-06-30,0,0
68,2022-07-31,0,0
68,2022-08-31,0,0
68,2022-09-30,0,0
68,2022-10-31,0,0
68,2022-11-30,0,0
68,2022-12-31,0,0
69,2021-01-31,0,0
69,2021-02-28,0,0
69,2021-03-31,0,0
69,2021-04-30,0,0
69,2021-05-31,0,0
69,2021-06-30,0,0
69,2021-07-31,0,0
69,2021-08-31,0,0
69,2021-09-30,0,0
69,2021-10-31,0,0
69,2021-11-30,0,0
69,2021-12-31,0,0
69,2022-01-31,0,0
69,2022-02-28,0,0
69,2022-03-31,0,0
69,2022-04-30,0,0
69,2022-05-31,0,0
69,2022-06-30,0,0
69,2022-07-31,0,0
69,2022-08-31,0,0
69,2022-09-30,0,0
69,2022-10-31,0,0
69,2022-11-30,0,0
69,2022-12-31,0,0
70,2021-01-31,0,0
70,2021-02-28,0,0
70,2021-03-31,0,0
70,2021-04-30,0,0
70,2021-05-31,0,0
70,2021-06-30,0,0
70,2021-07-31,0,0
70,2021-08-31,0,0
70,2021-09-30,0,0
70,2021-10-31,0,0
70,2021-11-30,0,0
70,2021-12-31,0,0
70,2022-01-31,0,0
70,2022-02-28,0,0
70,2022-03-31,0,0
70,2022-04-30,0,0
70,2022-05-31,1,3562
70,2022-06-30,0,0
70,2022-07-31,0,0
70,2022-08-31,0,0
70,2022-09-30,0,0
70,2022-10-31,0,0
70,2022-11-30,0,0
70,2022-12-31,0,0
71,2021-01-31,0,0
71,2021-02-28,0,0
71,2021-03-31,0,0
71,2021-04-30,0,0
71,2021-05-31,0,0
71,2021-06-30,0,0
71,2021-07-31,0,0
71,2021-08-31,0,0
71,2021-09-30,0,0
71,2021-10-31,0,0
71,2021-11-30,0,0
71,2021-12-31,0,0
71,2022-01-31,0,0
71,2022-02-28,0,0
71,2022-03-31,0,0
71,2022-04-30,0,0
71,2022-05-31,0,0
71,2022-06-30,0,0
71,2022-07-31,0,0
71,2022-08-31,0,0
71,2022-09-30,0,0
71,2022-10-31,0,0
71,2022-11-30,0,0
71,2022-12-31,0,0
72,2021-01-31,0,0
72,2021-02-28,0,0
72,2021-03-31,0,0
72,2021-04-30,0,0
72,2021-05-31,0,0
72,2021-06-30,0,0
72,2021-07-31,0,0
72,2021-08-31,0,0
72,2021-09-30,0,0
72,2021-10-31,0,0
72,2021-11-30,0,0
72,2021-12-31,0,0
72,2022-01-31,0,0
72,2022-02-28,0,0
72,2022-03-31,0,0
72,2022-04-30,0,0
72,2022-05-31,0,0
72,2022-06-30,0,0
72,2022-07-31,0,0
72,2022-08-31,0,0
72,2022-09-30,0,0
72,2022-10-31,0,0
72,2022-11-30,0,0
72,2022-12-31,0,0
73,2021-01-31,0,0
73,2021-02-28,0,0
73,2021-03-31,0,0
73,2021-04-30,1,1226
73,2021-05-31,0,0
73,2021-06-30,0,0
73,2021-07-31,0,0
73,2021-08-31,0,0
73,2021-09-30,0,0
73,2021-10-31,0,0
73,2021-11-30,0,0
73,2021-12-31,0,0
73,2022-01-31,0,0
73,2022-02-28,0,0
73,2022-03-31,0,0
73,2022-04-30,0,0
73,2022-05-31,0,0
73,2022-06-30,0,0
73,2022-07-31,0,0
73,2022-08-31,0,0
73,2022-09-30,0,0
73,2022-10-31,0,0
73,2022-11-30,0,0
73,2022-12-31,0,0
74,2021-01-31,0,0
74,2021-02-28,0,0
74,2021-03-31,0,0
74,2021-04-30,1,1181
74,2021-05-31,0,0
74,2021-06-30,0,0
74,2021-07-31,0,0
74,2021-08-31,0,0
74,2021-09-30,1,4568
74,2021-10-31,0,0
74,2021-11-30,0,0
74,2021-12-31,0,0
74,2022-01-31,0,0
74,2022-02-28,0,0
74,2022-03-31,0,0
74,2022-04-30,0,0
74,2022-05-31,1,4949
74,2022-06-30,0,0
74,2022-07-31,0,0
74,2022-08-31,0,0
74,2022-09-30,0,0
74,2022-10-31,0,0
74,2022-11-30,0,0
74,2022-12-31,0,0
75,2021-01-31,0,0
75,2021-02-28,0,0
75,2021-03-31,0,0
75,2021-04-30,0,0
75,2021-05-31,0,0
75,2021-06-30,1,3421
75,2021-07-31,0,0
75,2021-08-31,0,0
75,2021-09-30,0,0
75,2021-10-31,0,0
75,2021-11-30,0,0
75,2021-12-31,0,0
75,2022-01-31,1,4668
75,2022-02-28,0,0
75,2022-03-31,0,0
75,2022-04-30,0,0
75,2022-05-31,0,0
75,2022-06-30,0,0
75,2022-07-31,0,0
75,2022-08-31,0,0
75,2022-09-30,1,3485
75,2022-10-31,0,0
75,2022-11-30,0,0
75,2022-12-31,0,0
76,2021-01-31,0,0
76,2021-02-28,0,0
76,2021-03-31,0,0
76,2021-04-30,0,0
76,2021-05-31,0,0
76,2021-06-30,0,0
76,2021-07-31,0,0
76,2021-08-31,0,0
76,2021-09-30,0,0
76,2021-10-31,0,0
76,2021-11-30,0,0
76,2021-12-31,0,0
76,2022-01-31,0,0
76,2022-02-28,0,0
76,2022-03-31,0,0
76,2022-04-30,0,0
76,2022-05-31,0,0
76,2022-06-30,0,0
76,2022-07-31,0,0
76,2022-08-31,0,0
76,2022-09-30,0,0
76,2022-10-31,0,0
76,2022-11-30,0,0
76,2022-12-31,0,0
77,2021-01-31,0,0
77,2021-02-28,0,0
77,2021-03-31,0,0
77,2021-04-30,0,0
77,2021-05-31,0,0
77,2021-06-30,0,0
77,2021-07-31,0,0
77,2021-08-31,0,0
77,2021-09-30,1,2679
77,2021-10-31,0,0
77,2021-11-30,0,0
77,2021-12-31,0,0
77,2022-01-31,0,0
77,2022-02-28,0,0
77,2022-03-31,0,0
77,2022-04-30,0,0
77,2022-05-31,0,0
77,2022-06-30,0,0
77,2022-07-31,0,0
77,2022-08-31,0,0
77,2022-09-30,0,0
77,2022-10-31,0,0
77,2022-11-30,0,0
77,2022-12-31,0,0
78,2021-01-31,0,0
78,2021-02-28,0,0
78,2021-03-31,0,0
78,2021-04-30,0,0
78,2021-05-31,0,0
78,2021-06-30,0,0
78,2021-07-31,0,0
78,2021-08-31,0,0
78,2021-09-30,0,0
78,2021-10-31,0,0
78,2021-11-30,0,0
78,2021-12-31,0,0
78,2022-01-31,0,0
78,2022-02-28,0,0
78,2022-03-31,0,0
78,2022-04-30,0,0
78,2022-05-31,1,3976
78,2022-06-30,0,0
78,2022-07-31,0,0
78,2022-08-31,0,0
78,2022-09-30,0,0
78,2022-10-31,0,0
78,2022-11-30,0,0
78,2022-12-31,0,0
79,2021-01-31,0,0
79,2021-02-28,0,0
79,2021-03-31,0,0
79,2021-04-30,0,0
79,2021-05-31,0,0
79,2021-06-30,0,0
79,2021-07-31,0,0
79,2021-08-31,0,0
79,2021-09-30,0,0
79,2021-10-31,0,0
79,2021-11-30,0,0
79,2021-12-31,0,0
79,2022-01-31,1,2068
79,2022-02-28,0,0
79,2022-03-31,0,0
79,2022-04-30,0,0
79,2022-05-31,0,0
79,2022-06-30,0,0
79,2022-07-31,0,0
79,2022-08-31,0,0
79,2022-09-30,0,0
79,2022-10-31,0,0
79,2022-11-30,0,0
79,2022-12-31,0,0
80,2021-01-31,0,0
80,2021-02-28,0,0
80,2021-03-31,0,0
80,2021-04-30,0,0
80,2021-05-31,0,0
80,2021-06-30,0,0
80,2021-07-31,0,0
80,2021-08-31,0,0
80,2021-09-30,0,0
80,2021-10-31,1,3408
80,2021-11-30,0,0
80,2021-12-31,0,0
80,2022-01-31,0,0
80,2022-02-28,0,0
80,2022-03-31,0,0
80,2022-04-30,0,0
80,2022-05-31,0,0
80,2022-06-30,0,0
80,2022-07-31,0,0
80,2022-08-31,0,0
80,2022-09-30,0,0
80,2022-10-31,0,0
80,2022-11-30,0,0
80,2022-12-31,1,2425
81,2021-01-31,0,0
81,2021-02-28,0,0
81,2021-03-31,0,0
81,2021-04-30,0,0
81,2021-05-31,0,0
81,2021-06-30,0,0
81,2021-07-31,0,0
81,2021-08-31,0,0
81,2021-09-30,0,0
81,2021-10-31,0,0
81,2021-11-30,0,0
81,2021-12-31,0,0
81,2022-01-31,0,0
81,2022-02-28,0,0
81,2022-03-31,0,0
81,2022-04-30,0,0
81,2022-05-31,0,0
81,2022-06-30,0,0
81,2022-07-31,0,0
81,2022-08-31,0,0
81,2022-09-30,0,0
81,2022-10-31,0,0
81,2022-11-30,0,0
81,2022-12-31,0,0
82,2021-01-31,0,0
82,2021-02-28,0,0
82,2021-03-31,0,0
82,2021-04-30,0,0
82,2021-05-31,0,0
82,2021-06-30,0,0
82,2021-07-31,0,0
82,2021-08-31,0,0
82,2021-09-30,0,0
82,2021-10-31,0,0
82,2021-11-30,0,0
82,2021-12-31,0,0
82,2022-01-31,0,0
82,2022-02-28,0,0
82,2022-03-31,0,0
82,2022-04-30,0,0
82,2022-05-31,0,0
82,2022-06-30,0,0
82,2022-07-31,0,0
82,2022-08-31,0,0
82,2022-09-30,0,0
82,2022-10-31,0,0
82,2022-11-30,0,0
82,2022-12-31,0,0
83,2021-01-31,0,0
83,2021-02-28,0,0
83,2021-03-31,0,0
83,2021-04-30,0,0
83,2021-05-31,0,0
83,2021-06-30,0,0
83,2021-07-31,0,0
83,2021-08-31,0,0
83,2021-09-30,0,0
83,2021-10-31,0,0
83,2021-11-30,0,0
83,2021-12-31,0,0
83,2022-01-31,0,0
83,2022-02-28,0,0
83,2022-03-31,0,0
83,2022-04-30,0,0
83,2022-05-31,0,0
83,2022-06-30,0,0
83,2022-07-31,0,0
83,2022-08-31,0,0
83,2022-09-30,0,0
83,2022-10-31,0,0
83,2022-11-30,0,0
83,2022-12-31,0,0
84,2021-01-31,0,0
84,2021-02-28,0,0
84,2021-03-31,0,0
84,2021-04-30,0,0
84,2021-05-31,0,0
84,2021-06-30,0,0
84,2021-07-31,0,0
84,2021-08-31,0,0
84,2021-09-30,0,0
84,2021-10-31,0,0
84,2021-11-30,0,0
84,2021-12-31,0,0
84,2022-01-31,0,0
84,2022-02-28,0,0
84,2022-03-31,0,0
84,2022-04-30,0,0
84,2022-05-31,0,0
84,2022-06-30,0,0
84,2022-07-31,0,0
84,2022-08-31,1,3407
84,2022-09-30,0,0
84,2022-10-31,0,0
84,2022-11-30,0,0
84,2022-12-31,0,0
85,2021-01-31,0,0
85,2021-02-28,0,0
85,2021-03-31,0,0
85,2021-04-30,0,0
85,2021-05-31,0,0
85,2021-06-30,0,0
85,2021-07-31,0,0
85,2021-08-31,0,0
85,2021-09-30,0,0
85,2021-10-31,0,0
85,2021-11-30,0,0
85,2021-12-31,0,0
85,2022-01-31,0,0
85,2022-02-28,0,0
85,2022-03-31,0,0
85,2022-04-30,0,0
85,2022-05-31,0,0
85,2022-06-30,0,0
85,2022-07-31,0,0
85,2022-08-31,0,0
85,2022-09-30,0,0
85,2022-10-31,0,0
85,2022-11-30,0,0
85,2022-12-31,0,0
86,2021-01-31,0,0
86,2021-02-28,0,0
86,2021-03-31,0,0
86,2021-04-30,0,0
86,2021-05-31,0,0
86,2021-06-30,0,0
86,2021-07-31,0,0
86,2021-08-31,0,0
86,2021-09-30,0,0
86,2021-10-31,0,0
86,2021-11-30,0,0
86,2021-12-31,0,0
86,2022-01-31,0,0
86,2022-02-28,0,0
86,2022-03-31,0,0
86,2022-04-30,0,0
86,2022-05-31,0,0
86,2022-06-30,0,0
86,2022-07-31,0,0
86,2022-08-31,0,0
86,2022-09-30,0,0
86,2022-10-31,0,0
86,2022-11-30,0,0
86,2022-12-31,0,0
87,2021-01-31,0,0
87,2021-02-28,0,0
87,2021-03-31,0,0
87,2021-04-30,0,0
87,2021-05-31,0,0
87,2021-06-30,0,0
87,2021-07-31,0,0
87,2021-08-31,0,0
87,2021-09-30,0,0
87,2021-10-31,0,0
87,2021-11-30,0,0
87,2021-12-31,0,0
87,2022-01-31,0,0
87,2022-02-28,0,0
87,2022-03-31,0,0
87,2022-04-30,0,0
87,2022-05-31,0,0
87,2022-06-30,0,0
87,2022-07-31,0,0
87,2022-08-31,0,0
87,2022-09-30,0,0
87,2022-10-31,0,0
87,2022-11-30,0,0
87,2022-12-31,0,0
88,2021-01-31,0,0
88,2021-02-28,0,0
88,2021-03-31,0,0
88,2021-04-30,0,0
88,2021-05-31,0,0
88,2021-06-30,1,3641
88,2021-07-31,1,2276
88,2021-08-31,1,4110
88,2021-09-30,0,0
88,2021-10-31,0,0
88,2021-11-30,0,0
88,2021-12-31,0,0
88,2022-01-31,0,0
88,2022-02-28,0,0
88,2022-03-31,0,0
88,2022-04-30,0,0
88,2022-05-31,1,4933
88,2022-06-30,0,0
88,2022-07-31,0,0
88,2022-08-31,0,0
88,2022-09-30,0,0
88,2022-10-31,0,0
88,2022-11-30,0,0
88,2022-12-31,0,0
89,2021-01-31,0,0
89,2021-02-28,0,0
89,2021-03-31,0,0
89,2021-04-30,0,0
89,2021-05-31,0,0
89,2021-06-30,0,0
89,2021-07-31,0,0
89,2021-08-31,0,0
89,2021-09-30,0,0
89,2021-10-31,0,0
89,2021-11-30,0,0
89,2021-12-31,0,0
89,2022-01-31,0,0
89,2022-02-28,0,0
89,2022-03-31,0,0
89,2022-04-30,0,0
89,2022-05-31,0,0
89,2022-06-30,0,0
89,2022-07-31,0,0
89,2022-08-31,0,0
89,2022-09-30,0,0
89,2022-10-31,0,0
89,2022-11-30,0,0
89,2022-12-31,0,0
90,2021-01-31,0,0
90,2021-02-28,0,0
90,2021-03-31,0,0
90,2021-04-30,0,0
90,2021-05-31,0,0
90,2021-06-30,0,0
90,2021-07-31,0,0
90,2021-08-31,0,0
90,2021-09-30,0,0
90,2021-10-31,0,0
90,2021-11-30,0,0
90,2021-12-31,1,1803
90,2022-01-31,1,4366
90,2022-02-28,0,0
90,2022-03-31,0,0
90,2022-04-30,0,0
90,2022-05-31,0,0
90,2022-06-30,0,0
90,2022-07-31,0,0
90,2022-08-31,0,0
90,2022-09-30,0,0
90,2022-10-31,0,0
90,2022-11-30,0,0
90,2022-12-31,0,0
91,2021-01-31,0,0
91,2021-02-28,1,4377
91,2021-03-31,0,0
91,2021-04-30,0,0
91,2021-05-31,0,0
91,2021-06-30,0,0
91,2021-07-31,0,0
91,2021-08-31,0,0
91,2021-09-30,0,0
91,2021-10-31,0,0
91,2021-11-30,0,0
91,2021-12-31,0,0
91,2022-01-31,0,0
91,2022-02-28,0,0
91,2022-03-31,0,0
91,2022-04-30,0,0
91,2022-05-31,0,0
91,2022-06-30,0,0
91,2022-07-31,0,0
91,2022-08-31,0,0
91,2022-09-30,0,0
91,2022-10-31,0,0
91,2022-11-30,1,4187
91,2022-12-31,0,0
92,2021-01-31,0,0
92,2021-02-28,0,0
92,2021-03-31,0,0
92,2021-04-30,0,0
92,2021-05-31,0,0
92,2021-06-30,0,0
92,2021-07-31,0,0
92,2021-08-31,1,2851
92,2021-09-30,0,0
92,2021-10-31,0,0
92,2021-11-30,0,0
92,2021-12-31,0,0
92,2022-01-31,0,0
92,2022-02-28,0,0
92,2022-03-31,0,0
92,2022-04-30,0,0
92,2022-05-31,0,0
92,2022-06-30,0,0
92,2022-07-31,0,0
92,2022-08-31,0,0
92,2022-09-30,0,0
92,2022-10-31,0,0
92,2022-11-30,0,0
92,2022-12-31,0,0
93,2021-01-31,0,0
93,2021-02-28,0,0
93,2021-03-31,0,0
93,2021-04-30,0,0
93,2021-05-31,0,0
93,2021-06-30,0,0
93,2021-07-31,0,0
93,2021-08-31,0,0
93,2021-09-30,0,0
93,2021-10-31,0,0
93,2021-11-30,0,0
93,2021-12-31,0,0
93,2022-01-31,0,0
93,2022-02-28,0,0
93,2022-03-31,0,0
93,2022-04-30,0,0
93,2022-05-31,0,0
93,2022-06-30,0,0
93,2022-07-31,0,0
93,2022-08-31,0,0
93,2022-09-30,0,0
93,2022-10-31,0,0
93,2022-11-30,0,0
93,2022-12-31,0,0
94,2021-01-31,0,0
94,2021-02-28,0,0
94,2021-03-31,1,4041
94,2021-04-30,0,0
94,2021-05-31,0,0
94,2021-06-30,0,0
94,2021-07-31,0,0
94,2021-08-31,0,0
94,2021-09-30,0,0
94,2021-10-31,0,0
94,2021-11-30,1,4494
94,2021-12-31,0,0
94,2022-01-31,0,0
94,2022-02-28,0,0
94,2022-03-31,0,0
94,2022-04-30,0,0
94,2022-05-31,0,0
94,2022-06-30,0,0
94,2022-07-31,0,0
94,2022-08-31,0,0
94,2022-09-30,0,0
94,2022-10-31,0,0
94,2022-11-30,0,0
94,2022-12-31,0,0
95,2021-01-31,0,0
95,2021-02-28,0,0
95,2021-03-31,0,0
95,2021-04-30,0,0
95,2021-05-31,0,0
95,2021-06-30,0,0
95,2021-07-31,0,0
95,2021-08-31,1,1203
95,2021-09-30,0,0
95,2021-10-31,0,0
95,2021-11-30,0,0
95,2021-12-31,0,0
95,2022-01-31,0,0
95,2022-02-28,0,0
95,2022-03-31,0,0
95,2022-04-30,0,0
95,2022-05-31,0,0
95,2022-06-30,0,0
95,2022-07-31,0,0
95,2022-08-31,0,0
95,2022-09-30,0,0
95,2022-10-31,0,0
95,2022-11-30,0,0
95,2022-12-31,1,4705
96,2021-01-31,0,0
96,2021-02-28,0,0
96,2021-03-31,0,0
96,2021-04-30,0,0
96,2021-05-31,0,0
96,2021-06-30,0,0
96,2021-07-31,0,0
96,2021-08-31,0,0
96,2021-09-30,0,0
96,2021-10-31,0,0
96,2021-11-30,0,0
96,2021-12-31,0,0
96,2022-01-31,0,0
96,2022-02-28,0,0
96,2022-03-31,0,0
96,2022-04-30,0,0
96,2022-05-31,0,0
96,2022-06-30,0,0
96,2022-07-31,0,0
96,2022-08-31,0,0
96,2022-09-30,0,0
96,2022-10-31,0,0
96,2022-11-30,0,0
96,2022-12-31,0,0
97,2021-01-31,0,0
97,2021-02-28,1,1725
97,2021-03-31,0,0
97,2021-04-30,0,0
97,2021-05-31,0,0
97,2021-06-30,0,0
97,2021-07-31,0,0
97,2021-08-31,0,0
97,2021-09-30,0,0
97,2021-10-31,0,0
97,2021-11-30,0,0
97,2021-12-31,1,3822
97,2022-01-31,0,0
97,2022-02-28,0,0
97,2022-03-31,0,0
97,2022-04-30,0,0
97,2022-05-31,0,0
97,2022-06-30,0,0
97,2022-07-31,0,0
97,2022-08-31,0,0
97,2022-09-30,1,1669
97,2022-10-31,0,0
97,2022-11-30,0,0
97,2022-12-31,1,3004
98,2021-01-31,0,0
98,2021-02-28,0,0
98,2021-03-31,0,0
98,2021-04-30,0,0
98,2021-05-31,0,0
98,2021-06-30,0,0
98,2021-07-31,0,0
98,2021-08-31,0,0
98,2021-09-30,0,0
98,2021-10-31,0,0
98,2021-11-30,0,0
98,2021-12-31,1,3028
98,2022-01-31,0,0
98,2022-02-28,0,0
98,2022-03-31,0,0
98,2022-04-30,0,0
98,2022-05-31,0,0
98,2022-06-30,0,0
98,2022-07-31,0,0
98,2022-08-31,1,4753
98,2022-09-30,0,0
98,2022-10-31,0,0
98,2022-11-30,0,0
98,2022-12-31,0,0
99,2021-01-31,0,0
99,2021-02-28,0,0
99,2021-03-31,0,0
99,2021-04-30,0,0
99,2021-05-31,0,0
99,2021-06-30,0,0
99,2021-07-31,0,0
99,2021-08-31,0,0
99,2021-09-30,0,0
99,2021-10-31,0,0
99,2021-11-30,0,0
99,2021-12-31,0,0
99,2022-01-31,0,0
99,2022-02-28,0,0
99,2022-03-31,0,0
99,2022-04-30,0,0
99,2022-05-31,0,0
99,2022-06-30,0,0
99,2022-07-31,0,0
99,2022-08-31,0,0
99,2022-09-30,0,0
99,2022-10-31,0,0
99,2022-11-30,0,0
99,2022-12-31,1,2620
100,2021-01-31,0,0
100,2021-02-28,0,0
100,2021-03-31,0,0
100,2021-04-30,0,0
100,2021-05-31,1,3394
100,2021-06-30,0,0
100,2021-07-31,0,0
100,2021-08-31,0,0
100,2021-09-30,0,0
100,2021-10-31,0,0
100,2021-11-30,0,0
100,2021-12-31,0,0
100,2022-01-31,0,0
100,2022-02-28,0,0
100,2022-03-31,0,0
100,2022-04-30,0,0
100,2022-05-31,0,0
100,2022-06-30,0,0
100,2022-07-31,0,0
100,2022-08-31,0,0
100,2022-09-30,0,0
100,2022-10-31,0,0
100,2022-11-30,0,0
100,2022-12-31,0,0
